date,open,high,low,close,volume,hold,settle
2023-01-03,4100.0,4100.0,4016.0,4063.0,1245821,1882723,4044.0
2023-01-04,4061.0,4084.0,4010.0,4027.0,1383006,1874643,4045.0
2023-01-05,4015.0,4024.0,3970.0,4017.0,1522301,1825776,4001.0
2023-01-06,4031.0,4122.0,4023.0,4107.0,1730447,1923950,4070.0
2023-01-09,4105.0,4140.0,4072.0,4093.0,1607579,1863784,4100.0
2023-01-10,4103.0,4136.0,4087.0,4124.0,1083219,1930856,4109.0
2023-01-11,4120.0,4172.0,4101.0,4161.0,1112383,1955990,4136.0
2023-01-12,4152.0,4163.0,4091.0,4136.0,1318042,1867251,4126.0
2023-01-13,4131.0,4186.0,4113.0,4173.0,1278231,1927798,4154.0
2023-01-16,4150.0,4151.0,4081.0,4093.0,1441664,1829618,4112.0
2023-01-17,4084.0,4139.0,4065.0,4119.0,1025767,1844213,4102.0
2023-01-18,4140.0,4176.0,4125.0,4165.0,899703,1856961,4155.0
2023-01-19,4166.0,4200.0,4154.0,4196.0,914584,1854203,4180.0
2023-01-20,4195.0,4196.0,4155.0,4179.0,817918,1811643,4176.0
2023-01-30,4230.0,4273.0,4190.0,4201.0,1048134,1882832,4234.0
2023-01-31,4200.0,4218.0,4141.0,4143.0,1119159,1953457,4181.0
2023-02-01,4143.0,4178.0,4075.0,4084.0,1500523,1994915,4123.0
2023-02-02,4090.0,4135.0,4029.0,4042.0,1540806,1967591,4088.0
2023-02-03,4050.0,4059.0,3993.0,4055.0,1340933,1962672,4031.0
2023-02-06,4054.0,4084.0,4001.0,4049.0,1447504,1984660,4037.0
2023-02-07,4040.0,4055.0,3978.0,4018.0,1511616,1974498,4016.0
2023-02-08,4010.0,4063.0,3984.0,4055.0,1539318,1981288,4022.0
2023-02-09,4052.0,4100.0,4048.0,4085.0,1157730,1979876,4076.0
2023-02-10,4085.0,4096.0,4016.0,4074.0,1582510,1933276,4058.0
2023-02-13,4074.0,4080.0,3991.0,3993.0,1552262,1942412,4031.0
2023-02-14,3992.0,4046.0,3961.0,4027.0,1585145,1911228,4006.0
2023-02-15,4036.0,4088.0,4030.0,4066.0,1287382,1896584,4061.0
2023-02-16,4061.0,4164.0,4052.0,4146.0,1877414,1906154,4111.0
2023-02-17,4155.0,4178.0,4146.0,4167.0,1091790,1946318,4162.0
2023-02-20,4150.0,4194.0,4130.0,4184.0,1366456,1960497,4167.0
2023-02-21,4195.0,4258.0,4191.0,4254.0,1421582,1971799,4232.0
2023-02-22,4228.0,4278.0,4225.0,4237.0,1444261,1974418,4245.0
2023-02-23,4260.0,4289.0,4220.0,4228.0,1896147,2005675,4261.0
2023-02-24,4227.0,4244.0,4187.0,4224.0,1669416,2057187,4218.0
2023-02-27,4200.0,4240.0,4173.0,4191.0,1925170,1975574,4201.0
2023-02-28,4190.0,4193.0,4150.0,4174.0,1369701,1943334,4170.0
2023-03-01,4175.0,4226.0,4164.0,4216.0,1533443,1983020,4198.0
2023-03-02,4213.0,4236.0,4203.0,4225.0,993488,1971186,4219.0
2023-03-03,4229.0,4278.0,4218.0,4272.0,1154498,1981344,4249.0
2023-03-06,4260.0,4270.0,4175.0,4210.0,1762004,1961814,4213.0
2023-03-07,4212.0,4273.0,4199.0,4248.0,1464187,2048392,4238.0
2023-03-08,4249.0,4267.0,4221.0,4249.0,1058647,2048137,4251.0
2023-03-09,4250.0,4322.0,4206.0,4313.0,2639304,2107683,4256.0
2023-03-10,4325.0,4348.0,4303.0,4314.0,1652266,2073405,4328.0
2023-03-13,4327.0,4377.0,4317.0,4371.0,1525231,2073723,4351.0
2023-03-14,4328.0,4401.0,4327.0,4373.0,1703065,1999189,4372.0
2023-03-15,4379.0,4394.0,4318.0,4332.0,1575120,1888550,4359.0
2023-03-16,4295.0,4308.0,4197.0,4205.0,2511589,1691785,4255.0
2023-03-17,4203.0,4284.0,4185.0,4262.0,1812692,1645576,4234.0
2023-03-20,4266.0,4279.0,4192.0,4194.0,1524810,1614331,4233.0
2023-03-21,4200.0,4223.0,4153.0,4156.0,1435222,1583137,4188.0
2023-03-22,4161.0,4195.0,4120.0,4153.0,1641849,1498897,4154.0
2023-03-23,4159.0,4181.0,4066.0,4070.0,1805506,1528575,4125.0
2023-03-24,4070.0,4125.0,4055.0,4107.0,1463299,1461026,4085.0
2023-03-27,4080.0,4129.0,4074.0,4105.0,1179574,1380093,4105.0
2023-03-28,4110.0,4147.0,4095.0,4136.0,1156760,1233806,4121.0
2023-03-29,4141.0,4168.0,4123.0,4151.0,1055543,1123338,4145.0
2023-03-30,4165.0,4178.0,4125.0,4167.0,1247443,1013872,4151.0
2023-03-31,4176.0,4200.0,4153.0,4161.0,918121,906146,4175.0
2023-04-03,4161.0,4166.0,4043.0,4044.0,1081619,863464,4108.0
2023-04-04,4042.0,4067.0,4010.0,4018.0,741305,767896,4032.0
2023-04-06,3960.0,3979.0,3923.0,3938.0,1066014,1442365,3950.0
2023-04-07,3952.0,4008.0,3948.0,3989.0,1293250,1506483,3983.0
2023-04-10,4000.0,4020.0,3881.0,3907.0,1768635,1655293,3946.0
2023-04-11,3909.0,3940.0,3868.0,3937.0,1469111,1666309,3903.0
2023-04-12,3940.0,3945.0,3890.0,3900.0,1205778,1720589,3914.0
2023-04-13,3914.0,3915.0,3855.0,3886.0,1637913,1748553,3881.0
2023-04-14,3886.0,3948.0,3885.0,3896.0,1435636,1703998,3916.0
2023-04-17,3900.0,3938.0,3873.0,3928.0,1636060,1742720,3907.0
2023-04-18,3945.0,3981.0,3926.0,3950.0,1619625,1778836,3952.0
2023-04-19,3950.0,3963.0,3910.0,3927.0,1495928,1818464,3940.0
2023-04-20,3911.0,3929.0,3868.0,3914.0,1895468,1812942,3899.0
2023-04-21,3904.0,3908.0,3809.0,3810.0,1838698,1918657,3853.0
2023-04-24,3810.0,3817.0,3690.0,3714.0,2188088,2009878,3743.0
2023-04-25,3715.0,3747.0,3680.0,3685.0,1706302,2046197,3719.0
2023-04-26,3670.0,3736.0,3662.0,3719.0,1771843,2010382,3702.0
2023-04-27,3744.0,3759.0,3690.0,3691.0,1710573,2003400,3728.0
2023-04-28,3691.0,3710.0,3660.0,3660.0,1458191,1955066,3683.0
2023-05-04,3650.0,3677.0,3609.0,3615.0,1268068,2022762,3641.0
2023-05-05,3610.0,3625.0,3539.0,3622.0,1999103,2062499,3583.0
2023-05-08,3611.0,3733.0,3605.0,3732.0,2562981,2103628,3670.0
2023-05-09,3738.0,3743.0,3690.0,3691.0,1593264,2051179,3720.0
2023-05-10,3690.0,3732.0,3666.0,3688.0,1778885,2050695,3698.0
2023-05-11,3692.0,3709.0,3591.0,3600.0,2626151,2041822,3635.0
2023-05-12,3580.0,3633.0,3562.0,3579.0,1856249,1995985,3595.0
2023-05-15,3587.0,3698.0,3587.0,3667.0,2564799,1993296,3652.0
2023-05-16,3680.0,3697.0,3627.0,3640.0,1743543,2001049,3662.0
2023-05-17,3640.0,3717.0,3636.0,3715.0,1783507,2018915,3676.0
2023-05-18,3718.0,3724.0,3661.0,3687.0,1720513,1990809,3695.0
2023-05-19,3684.0,3695.0,3613.0,3645.0,2021992,1932553,3655.0
2023-05-22,3651.0,3675.0,3551.0,3569.0,2274723,1967803,3609.0
2023-05-23,3569.0,3621.0,3565.0,3588.0,1840790,1928799,3592.0
2023-05-24,3590.0,3595.0,3462.0,3466.0,2270046,2055599,3521.0
2023-05-25,3459.0,3477.0,3411.0,3432.0,2220314,2085614,3440.0
2023-05-26,3423.0,3510.0,3388.0,3493.0,2829006,2071715,3447.0
2023-05-29,3495.0,3517.0,3463.0,3511.0,1986052,2076395,3489.0
2023-05-30,3510.0,3522.0,3444.0,3460.0,1856823,2092489,3483.0
2023-05-31,3460.0,3473.0,3424.0,3463.0,1666251,2091644,3448.0
2023-06-01,3455.0,3548.0,3445.0,3546.0,2124122,2057886,3507.0
2023-06-02,3539.0,3631.0,3508.0,3596.0,2437115,1932490,3563.0
2023-06-05,3602.0,3689.0,3598.0,3638.0,2077583,1908657,3638.0
2023-06-06,3638.0,3686.0,3624.0,3641.0,1651168,1880580,3655.0
2023-06-07,3645.0,3664.0,3586.0,3621.0,2087487,1881811,3631.0
2023-06-08,3630.0,3678.0,3625.0,3654.0,1856030,1862472,3652.0
2023-06-09,3659.0,3722.0,3656.0,3711.0,2034193,1909178,3691.0
2023-06-12,3711.0,3727.0,3630.0,3652.0,1944009,1881702,3672.0
2023-06-13,3652.0,3744.0,3648.0,3741.0,2062664,1957459,3699.0
2023-06-14,3749.0,3763.0,3718.0,3739.0,1754411,1910655,3738.0
2023-06-15,3744.0,3770.0,3713.0,3760.0,1848995,1948226,3743.0
2023-06-16,3764.0,3809.0,3754.0,3799.0,1666649,1975804,3780.0
2023-06-19,3800.0,3815.0,3743.0,3752.0,2146210,1897688,3776.0
2023-06-20,3760.0,3770.0,3720.0,3743.0,1639611,1871501,3745.0
2023-06-21,3736.0,3744.0,3683.0,3686.0,1937589,1789953,3713.0
2023-06-26,3643.0,3672.0,3633.0,3667.0,1275952,1799391,3652.0
2023-06-27,3667.0,3744.0,3661.0,3728.0,1589090,1849307,3703.0
2023-06-28,3720.0,3741.0,3691.0,3731.0,1415176,1839521,3717.0
2023-06-29,3722.0,3751.0,3700.0,3723.0,1741069,1800906,3722.0
2023-06-30,3725.0,3777.0,3711.0,3721.0,1704726,1802556,3746.0
2023-07-03,3718.0,3780.0,3704.0,3767.0,2153411,1844614,3739.0
2023-07-04,3766.0,3793.0,3751.0,3768.0,1458155,1846276,3771.0
2023-07-05,3768.0,3780.0,3730.0,3751.0,1476438,1836969,3754.0
2023-07-06,3742.0,3777.0,3733.0,3758.0,1407277,1825369,3754.0
2023-07-07,3758.0,3770.0,3670.0,3671.0,2169063,1860783,3729.0
2023-07-10,3668.0,3709.0,3650.0,3654.0,1632546,1823284,3679.0
2023-07-11,3661.0,3698.0,3659.0,3679.0,1435227,1800885,3677.0
2023-07-12,3685.0,3717.0,3672.0,3716.0,1405017,1794663,3693.0
2023-07-13,3723.0,3732.0,3693.0,3727.0,1414138,1753008,3715.0
2023-07-14,3727.0,3776.0,3726.0,3774.0,1400083,1790969,3748.0
2023-07-17,3778.0,3782.0,3681.0,3687.0,1937196,1722852,3726.0
2023-07-18,3691.0,3750.0,3690.0,3749.0,1322481,1733830,3722.0
2023-07-19,3748.0,3756.0,3705.0,3741.0,1368317,1716805,3733.0
2023-07-20,3747.0,3790.0,3747.0,3784.0,1876106,1862645,3770.0
2023-07-21,3793.0,3825.0,3750.0,3823.0,2408389,1947284,3779.0
2023-07-24,3820.0,3830.0,3787.0,3793.0,2125369,1937737,3811.0
2023-07-25,3807.0,3870.0,3790.0,3857.0,2164065,2033479,3838.0
2023-07-26,3855.0,3877.0,3835.0,3851.0,1868445,2018640,3854.0
2023-07-27,3850.0,3883.0,3839.0,3861.0,2200065,1963212,3863.0
2023-07-28,3854.0,3863.0,3823.0,3851.0,2154425,1875583,3841.0
2023-07-31,3851.0,3875.0,3831.0,3847.0,1874903,1840552,3849.0
2023-08-01,3847.0,3876.0,3834.0,3862.0,1592831,1837977,3858.0
2023-08-02,3853.0,3871.0,3800.0,3801.0,2246679,1904043,3835.0
2023-08-03,3798.0,3801.0,3724.0,3728.0,2556807,1808411,3760.0
2023-08-04,3740.0,3774.0,3732.0,3736.0,1458807,1779600,3752.0
2023-08-07,3732.0,3739.0,3706.0,3732.0,1524669,1793253,3721.0
2023-08-08,3735.0,3748.0,3686.0,3692.0,1365258,1813182,3717.0
2023-08-09,3682.0,3708.0,3663.0,3700.0,1163636,1788140,3690.0
2023-08-10,3700.0,3716.0,3664.0,3671.0,1536943,1864067,3688.0
2023-08-11,3670.0,3695.0,3652.0,3691.0,1646084,1813650,3672.0
2023-08-14,3685.0,3691.0,3630.0,3641.0,1428056,1860600,3657.0
2023-08-15,3650.0,3698.0,3640.0,3694.0,1555592,1757174,3665.0
2023-08-16,3691.0,3718.0,3686.0,3713.0,1184152,1672597,3701.0
2023-08-17,3713.0,3730.0,3680.0,3726.0,1377243,1604494,3704.0
2023-08-18,3726.0,3739.0,3693.0,3700.0,1135837,1549204,3718.0
2023-08-21,3700.0,3702.0,3635.0,3666.0,1815011,1561469,3665.0
2023-08-22,3671.0,3737.0,3645.0,3723.0,1720172,1451795,3686.0
2023-08-23,3723.0,3755.0,3716.0,3723.0,1446653,1337094,3734.0
2023-08-24,3723.0,3768.0,3687.0,3688.0,1436149,1279159,3735.0
2023-08-25,3700.0,3735.0,3689.0,3716.0,1254638,1212885,3714.0
2023-08-28,3717.0,3743.0,3650.0,3667.0,2230528,1240933,0.0
2023-08-29,3667.0,3705.0,3660.0,3678.0,1295318,1120676,3678.0
2023-08-30,3682.0,3717.0,3672.0,3713.0,1307564,1039387,3693.0
2023-08-31,3716.0,3746.0,3714.0,3740.0,1259752,919823,3730.0
2023-09-01,3753.0,3781.0,3732.0,3778.0,1021697,794449,3757.0
2023-09-04,3772.0,3796.0,3758.0,3770.0,866459,718642,3776.0
2023-09-05,3811.0,3839.0,3786.0,3799.0,1017159,1457450,3816.0
2023-09-06,3798.0,3828.0,3788.0,3817.0,894842,1511551,3811.0
2023-09-07,3814.0,3833.0,3765.0,3795.0,1673420,1532233,3792.0
2023-09-08,3790.0,3802.0,3711.0,3717.0,1786032,1546003,3757.0
2023-09-11,3718.0,3771.0,3707.0,3759.0,1503805,1530613,3740.0
2023-09-12,3762.0,3800.0,3762.0,3791.0,1324021,1539364,3782.0
2023-09-13,3793.0,3804.0,3745.0,3777.0,1493026,1536524,3773.0
2023-09-14,3778.0,3795.0,3759.0,3794.0,1502575,1585958,3776.0
2023-09-15,3809.0,3833.0,3800.0,3824.0,1543446,1669241,3816.0
2023-09-18,3820.0,3846.0,3792.0,3842.0,1665547,1766006,3820.0
2023-09-19,3846.0,3874.0,3830.0,3831.0,1475760,1775340,3854.0
2023-09-20,3834.0,3855.0,3821.0,3842.0,1180974,1773099,3839.0
2023-09-21,3847.0,3850.0,3755.0,3762.0,1990046,1687103,3798.0
2023-09-22,3752.0,3793.0,3751.0,3779.0,1160111,1643925,3773.0
2023-09-25,3786.0,3787.0,3704.0,3716.0,1655226,1710023,3741.0
2023-09-26,3716.0,3725.0,3665.0,3675.0,1451253,1772900,3697.0
2023-09-27,3679.0,3697.0,3673.0,3682.0,897787,1767758,3684.0
2023-09-28,3690.0,3717.0,3684.0,3690.0,1021754,1697143,3700.0
2023-10-09,3670.0,3670.0,3620.0,3638.0,1025556,1810235,3642.0
2023-10-10,3638.0,3654.0,3596.0,3610.0,1316197,1877432,3625.0
2023-10-11,3616.0,3634.0,3590.0,3619.0,1061811,1871876,3616.0
2023-10-12,3619.0,3632.0,3595.0,3627.0,1253955,1900044,3616.0
2023-10-13,3630.0,3652.0,3602.0,3620.0,1181367,1910511,3619.0
2023-10-16,3624.0,3663.0,3592.0,3657.0,1639211,1888586,3625.0
2023-10-17,3658.0,3672.0,3637.0,3647.0,1068036,1870289,3652.0
2023-10-18,3652.0,3660.0,3605.0,3615.0,1361935,1951142,3634.0
2023-10-19,3615.0,3650.0,3595.0,3644.0,1313337,1886881,3624.0
2023-10-20,3650.0,3659.0,3601.0,3610.0,1418587,1880165,3629.0
2023-10-23,3600.0,3616.0,3558.0,3572.0,1591543,1953077,3582.0
2023-10-24,3576.0,3636.0,3572.0,3630.0,1443112,1862177,3596.0
2023-10-25,3645.0,3687.0,3634.0,3673.0,1688410,1781580,3664.0
2023-10-26,3673.0,3688.0,3657.0,3685.0,1133648,1759038,3670.0
2023-10-27,3676.0,3726.0,3666.0,3724.0,1427073,1725232,3694.0
2023-10-30,3720.0,3743.0,3708.0,3740.0,1066575,1709018,3725.0
2023-10-31,3745.0,3748.0,3712.0,3733.0,1069766,1692498,3729.0
2023-11-01,3733.0,3761.0,3723.0,3749.0,1185466,1665533,3742.0
2023-11-02,3756.0,3767.0,3737.0,3756.0,1009222,1658537,3752.0
2023-11-03,3746.0,3813.0,3737.0,3805.0,1486028,1665307,3783.0
2023-11-06,3805.0,3830.0,3791.0,3805.0,1429910,1639473,3811.0
2023-11-07,3800.0,3818.0,3780.0,3791.0,1267602,1599081,3799.0
2023-11-08,3780.0,3851.0,3768.0,3848.0,1511907,1645116,3800.0
2023-11-09,3847.0,3879.0,3837.0,3853.0,1553439,1639732,3854.0
2023-11-10,3853.0,3884.0,3849.0,3879.0,1287764,1624442,3870.0
2023-11-13,3873.0,3918.0,3853.0,3872.0,1676739,1590484,3878.0
2023-11-14,3874.0,3881.0,3834.0,3856.0,1331751,1582865,3857.0
2023-11-15,3868.0,3962.0,3868.0,3920.0,2343797,1577302,3923.0
2023-11-16,3920.0,3979.0,3893.0,3972.0,1699286,1638080,3929.0
2023-11-17,3982.0,3994.0,3920.0,3929.0,1588006,1578094,3957.0
2023-11-20,3928.0,3995.0,3911.0,3983.0,1661178,1622469,3952.0
2023-11-21,4000.0,4053.0,3983.0,3983.0,2030063,1628588,4019.0
2023-11-22,3986.0,4017.0,3955.0,4001.0,2020789,1599519,3986.0
2023-11-23,4003.0,4016.0,3896.0,3934.0,2420217,1472799,3950.0
2023-11-24,3946.0,3981.0,3907.0,3976.0,1549819,1424684,3937.0
2023-11-27,3979.0,3982.0,3915.0,3959.0,1793161,1325902,3944.0
2023-11-28,3959.0,3959.0,3883.0,3893.0,1814439,1160221,3918.0
2023-11-29,3895.0,3927.0,3885.0,3896.0,1202436,1035330,3904.0
2023-11-30,3906.0,3923.0,3860.0,3913.0,1629229,900559,3886.0
2023-12-01,3911.0,3940.0,3890.0,3923.0,1030167,762768,3917.0
2023-12-04,3930.0,3932.0,3866.0,3871.0,857612,684734,3897.0
2023-12-05,3862.0,3891.0,3855.0,3870.0,647001,620615,3874.0
2023-12-06,3870.0,3923.0,3854.0,3918.0,654998,592003,3883.0
2023-12-07,3953.0,4021.0,3945.0,4011.0,1040675,1313215,3992.0
2023-12-08,4002.0,4060.0,3996.0,4042.0,937385,1371697,4035.0
2023-12-11,4042.0,4076.0,4010.0,4025.0,1295013,1403548,4037.0
2023-12-12,4023.0,4063.0,4005.0,4060.0,1106310,1462775,4035.0
2023-12-13,4050.0,4053.0,3931.0,3942.0,1915813,1388556,3990.0
2023-12-14,3951.0,3979.0,3920.0,3925.0,1284734,1364343,3947.0
2023-12-15,3929.0,3963.0,3896.0,3915.0,1635283,1378052,3932.0
2023-12-18,3915.0,3942.0,3892.0,3933.0,1387983,1385700,3914.0
2023-12-19,3933.0,3950.0,3906.0,3925.0,1241986,1383881,3930.0
2023-12-20,3925.0,3957.0,3918.0,3940.0,1064645,1370546,3938.0
2023-12-21,3940.0,3993.0,3923.0,3988.0,1382449,1419138,3954.0
2023-12-22,3988.0,4029.0,3982.0,4004.0,1242795,1413911,4002.0
2023-12-25,4001.0,4014.0,3981.0,3998.0,1014394,1395734,3997.0
2023-12-26,4000.0,4040.0,3997.0,4023.0,1069379,1460390,4021.0
2023-12-27,4023.0,4034.0,3990.0,4023.0,1119862,1455027,4013.0
2023-12-28,4023.0,4028.0,3982.0,3996.0,1321056,1442009,4007.0
2023-12-29,3990.0,4014.0,3976.0,4002.0,1202060,1398474,4000.0
2024-01-02,4005.0,4058.0,3983.0,4047.0,970394,1541082,4036.0
2024-01-03,4048.0,4072.0,4040.0,4055.0,964192,1583796,4055.0
2024-01-04,4054.0,4060.0,4028.0,4046.0,1012620,1565305,4045.0
2024-01-05,4047.0,4053.0,3971.0,3979.0,1381043,1519864,4011.0
2024-01-08,3986.0,3990.0,3937.0,3950.0,1112685,1481551,3961.0
2024-01-09,3950.0,3963.0,3935.0,3943.0,904309,1500557,3948.0
2024-01-10,3943.0,3946.0,3885.0,3887.0,1306981,1555083,3914.0
2024-01-11,3882.0,3931.0,3882.0,3926.0,1049723,1518301,3907.0
2024-01-12,3926.0,3931.0,3901.0,3902.0,946101,1518179,3915.0
2024-01-15,3905.0,3920.0,3864.0,3896.0,1337484,1534526,3892.0
2024-01-16,3889.0,3907.0,3865.0,3899.0,1241142,1577068,3884.0
2024-01-17,3913.0,3925.0,3855.0,3858.0,1343304,1678312,3894.0
2024-01-18,3852.0,3915.0,3841.0,3913.0,1671022,1624177,3879.0
2024-01-19,3913.0,3920.0,3892.0,3915.0,938865,1589085,3907.0
2024-01-22,3915.0,3930.0,3883.0,3902.0,1351690,1547107,3908.0
2024-01-23,3904.0,3939.0,3893.0,3932.0,1025124,1512174,3922.0
2024-01-24,3930.0,3955.0,3928.0,3955.0,863883,1504867,3940.0
2024-01-25,3971.0,3989.0,3961.0,3967.0,1058613,1493571,3974.0
2024-01-26,3961.0,3987.0,3959.0,3973.0,911318,1498486,3971.0
2024-01-29,3973.0,3992.0,3955.0,3968.0,933122,1515490,3973.0
2024-01-30,3968.0,3974.0,3912.0,3913.0,1177825,1548905,3946.0
2024-01-31,3910.0,3919.0,3867.0,3869.0,1219415,1612322,3895.0
2024-02-01,3868.0,3886.0,3855.0,3868.0,985874,1668963,3871.0
2024-02-02,3868.0,3877.0,3801.0,3825.0,1622279,1764601,3836.0
2024-02-05,3825.0,3855.0,3814.0,3833.0,1108800,1711480,3838.0
2024-02-06,3828.0,3848.0,3794.0,3836.0,1256479,1729234,3819.0
2024-02-07,3835.0,3846.0,3813.0,3840.0,753136,1670548,3827.0
2024-02-08,3841.0,3865.0,3833.0,3854.0,748877,1574632,3849.0
2024-02-19,3877.0,3883.0,3803.0,3808.0,923941,1698766,3835.0
2024-02-20,3805.0,3821.0,3751.0,3753.0,1412007,1903502,3788.0
2024-02-21,3753.0,3848.0,3734.0,3791.0,2460300,1775444,3788.0
2024-02-22,3782.0,3817.0,3769.0,3797.0,1443443,1821231,3793.0
2024-02-23,3797.0,3814.0,3783.0,3790.0,993602,1865495,3798.0
2024-02-26,3789.0,3799.0,3740.0,3749.0,1489032,1931411,3763.0
2024-02-27,3741.0,3828.0,3738.0,3824.0,1526173,1817302,3784.0
2024-02-28,3822.0,3827.0,3798.0,3810.0,1104940,1832452,3813.0
2024-02-29,3800.0,3816.0,3774.0,3788.0,1593839,1840985,3795.0
2024-03-01,3788.0,3809.0,3760.0,3763.0,1307382,1907770,3788.0
2024-03-04,3751.0,3776.0,3709.0,3762.0,2064821,1995627,3742.0
2024-03-05,3746.0,3768.0,3715.0,3723.0,1476512,2105091,3738.0
2024-03-06,3715.0,3722.0,3688.0,3712.0,1491723,2154551,3707.0
2024-03-07,3710.0,3733.0,3695.0,3708.0,1453456,2173795,3714.0
2024-03-08,3710.0,3718.0,3681.0,3691.0,1446243,2234799,3695.0
2024-03-11,3687.0,3689.0,3604.0,3606.0,1970962,2344611,3640.0
2024-03-12,3604.0,3641.0,3596.0,3636.0,1442101,2273875,3620.0
2024-03-13,3635.0,3646.0,3577.0,3583.0,1592420,2322418,3613.0
2024-03-14,3587.0,3592.0,3505.0,3506.0,2498959,2365042,3553.0
2024-03-15,3500.0,3525.0,3484.0,3490.0,2251514,2321885,3504.0
2024-03-18,3488.0,3524.0,3414.0,3513.0,3569146,2233800,3474.0
2024-03-19,3518.0,3578.0,3513.0,3573.0,2378936,2057183,3545.0
2024-03-20,3580.0,3603.0,3558.0,3570.0,2019844,1944955,3579.0
2024-03-21,3569.0,3622.0,3549.0,3616.0,2105708,1816445,3587.0
2024-03-22,3609.0,3630.0,3586.0,3612.0,1808837,1739877,3612.0
2024-03-25,3612.0,3629.0,3570.0,3585.0,1982646,1701382,3598.0
2024-03-26,3585.0,3595.0,3496.0,3499.0,2079300,1706816,3549.0
2024-03-27,3491.0,3533.0,3477.0,3479.0,2233725,1551447,3502.0
2024-03-28,3470.0,3504.0,3441.0,3481.0,2312398,1433991,3473.0
2024-03-29,3475.0,3486.0,3405.0,3412.0,2015960,1299182,3448.0
2024-04-01,3400.0,3456.0,3368.0,3456.0,1622273,1141786,3405.0
2024-04-02,3459.0,3493.0,3431.0,3463.0,1217107,1026768,3463.0
2024-04-03,3500.0,3540.0,3462.0,3463.0,1620584,1674662,3509.0
2024-04-08,3460.0,3561.0,3446.0,3560.0,1716178,1712789,3517.0
2024-04-09,3558.0,3603.0,3540.0,3594.0,1882756,1713445,3570.0
2024-04-10,3595.0,3608.0,3571.0,3583.0,1593959,1738323,3586.0
2024-04-11,3580.0,3620.0,3566.0,3613.0,1800637,1788118,3594.0
2024-04-12,3615.0,3637.0,3599.0,3628.0,1440449,1790761,3617.0
2024-04-15,3628.0,3641.0,3586.0,3616.0,1807915,1804825,3611.0
2024-04-16,3618.0,3635.0,3594.0,3608.0,1932383,1783614,3612.0
2024-04-17,3606.0,3685.0,3602.0,3682.0,2046152,1822853,3639.0
2024-04-18,3686.0,3705.0,3668.0,3682.0,1863700,1760462,3686.0
2024-04-19,3680.0,3695.0,3661.0,3675.0,1308924,1736610,3678.0
2024-04-22,3664.0,3694.0,3651.0,3670.0,1479647,1695415,3672.0
2024-04-23,3670.0,3685.0,3635.0,3641.0,1480656,1726245,3664.0
2024-04-24,3636.0,3693.0,3631.0,3681.0,1421565,1718813,3668.0
2024-04-25,3680.0,3706.0,3662.0,3669.0,1606852,1703349,3682.0
2024-04-26,3671.0,3690.0,3645.0,3685.0,1283568,1735237,3670.0
2024-04-29,3680.0,3696.0,3652.0,3675.0,1461304,1728962,3670.0
2024-04-30,3688.0,3710.0,3634.0,3656.0,1694316,1688958,3670.0
2024-05-06,3672.0,3738.0,3672.0,3735.0,1265164,1820186,3712.0
2024-05-07,3735.0,3744.0,3715.0,3723.0,994251,1822429,3729.0
2024-05-08,3723.0,3732.0,3671.0,3674.0,1441955,1842890,3702.0
2024-05-09,3674.0,3691.0,3656.0,3669.0,1296179,1883846,3674.0
2024-05-10,3674.0,3679.0,3627.0,3662.0,1591620,1890163,3652.0
2024-05-13,3658.0,3688.0,3623.0,3686.0,1571537,1883012,3655.0
2024-05-14,3686.0,3690.0,3624.0,3630.0,1403063,1954528,3649.0
2024-05-15,3626.0,3632.0,3607.0,3621.0,1358284,1973963,3617.0
2024-05-16,3624.0,3708.0,3614.0,3703.0,2001330,1948433,3667.0
2024-05-17,3700.0,3727.0,3690.0,3716.0,1539174,1910264,3710.0
2024-05-20,3710.0,3759.0,3695.0,3735.0,1653225,1902839,3730.0
2024-05-21,3730.0,3753.0,3722.0,3746.0,1317680,1906958,3736.0
2024-05-22,3746.0,3814.0,3743.0,3800.0,1955706,1991309,3786.0
2024-05-23,3790.0,3806.0,3754.0,3775.0,1545612,1887481,3781.0
2024-05-24,3780.0,3803.0,3769.0,3788.0,1164093,1880099,3786.0
2024-05-27,3786.0,3792.0,3745.0,3763.0,1257128,1851637,3766.0
2024-05-28,3768.0,3797.0,3738.0,3745.0,1352103,1818116,3768.0
2024-05-29,3745.0,3757.0,3722.0,3753.0,1281620,1806967,3740.0
2024-05-30,3765.0,3820.0,3727.0,3737.0,2508872,1818782,3773.0
2024-05-31,3735.0,3739.0,3700.0,3706.0,1427259,1779867,3715.0
2024-06-03,3706.0,3713.0,3656.0,3665.0,1508167,1806122,3679.0
2024-06-04,3665.0,3675.0,3642.0,3646.0,1282722,1860282,3657.0
2024-06-05,3636.0,3662.0,3630.0,3632.0,1239456,1906987,3642.0
2024-06-06,3637.0,3668.0,3621.0,3665.0,1785129,1908589,3642.0
2024-06-07,3665.0,3689.0,3639.0,3655.0,1445253,1839351,3662.0
2024-06-11,3640.0,3650.0,3591.0,3597.0,1219348,1923508,3612.0
2024-06-12,3598.0,3618.0,3588.0,3608.0,991522,1938347,3604.0
2024-06-13,3630.0,3639.0,3583.0,3621.0,1316641,1951022,3611.0
2024-06-14,3626.0,3658.0,3625.0,3637.0,1276433,1881475,3640.0
2024-06-17,3637.0,3641.0,3604.0,3613.0,1141437,1930901,3618.0
2024-06-18,3609.0,3654.0,3609.0,3618.0,1363788,1892618,3634.0
2024-06-19,3618.0,3650.0,3606.0,3614.0,1370036,1924648,3628.0
2024-06-20,3615.0,3636.0,3582.0,3597.0,2149607,2016628,3606.0
2024-06-21,3594.0,3615.0,3563.0,3563.0,1429126,2130004,3586.0
2024-06-24,3560.0,3565.0,3525.0,3532.0,1205595,2171118,3543.0
2024-06-25,3525.0,3546.0,3522.0,3532.0,1007338,2168862,3533.0
2024-06-26,3531.0,3567.0,3524.0,3563.0,1172911,2149873,3543.0
2024-06-27,3563.0,3568.0,3535.0,3535.0,1051877,2177715,3551.0
2024-06-28,3535.0,3553.0,3523.0,3544.0,1178268,2193732,3537.0
2024-07-01,3547.0,3566.0,3532.0,3562.0,1261981,2207299,3549.0
2024-07-02,3571.0,3584.0,3551.0,3562.0,1023302,2181825,3566.0
2024-07-03,3565.0,3620.0,3554.0,3619.0,1621967,2097856,3585.0
2024-07-04,3619.0,3629.0,3604.0,3616.0,1161511,2050491,3616.0
2024-07-05,3609.0,3618.0,3551.0,3553.0,1465825,2081641,3586.0
2024-07-08,3559.0,3566.0,3501.0,3503.0,1474404,2183700,3533.0
2024-07-09,3505.0,3522.0,3494.0,3515.0,1099757,2192582,3510.0
2024-07-10,3511.0,3516.0,3471.0,3478.0,1174823,2263881,3492.0
2024-07-11,3486.0,3534.0,3478.0,3514.0,1517698,2202912,3505.0
2024-07-12,3517.0,3529.0,3505.0,3523.0,917664,2183643,3519.0
2024-07-15,3523.0,3581.0,3492.0,3551.0,1893587,2100491,3544.0
2024-07-16,3548.0,3558.0,3525.0,3544.0,1202701,2081726,3541.0
2024-07-17,3538.0,3556.0,3484.0,3487.0,1578526,2186809,3521.0
2024-07-18,3482.0,3496.0,3456.0,3492.0,1611544,2229663,3475.0
2024-07-19,3480.0,3488.0,3455.0,3479.0,1363881,2222700,3474.0
2024-07-22,3473.0,3486.0,3441.0,3451.0,1589548,2233901,3462.0
2024-07-23,3448.0,3460.0,3396.0,3397.0,1456729,2329380,3428.0
2024-07-24,3405.0,3413.0,3384.0,3391.0,1376818,2382127,3398.0
2024-07-25,3391.0,3395.0,3309.0,3329.0,1877119,2399751,3349.0
2024-07-26,3332.0,3401.0,3330.0,3371.0,1981217,2307823,3376.0
2024-07-29,3371.0,3376.0,3341.0,3363.0,1475836,2296842,3359.0
2024-07-30,3374.0,3394.0,3294.0,3301.0,2051873,2289134,3344.0
2024-07-31,3301.0,3364.0,3271.0,3326.0,2163062,2266687,3319.0
2024-08-01,3346.0,3384.0,3331.0,3355.0,1582423,2226504,3353.0
2024-08-02,3354.0,3382.0,3324.0,3379.0,1434417,2176940,3353.0
2024-08-05,3382.0,3397.0,3336.0,3367.0,1470364,2140088,3366.0
2024-08-06,3350.0,3379.0,3296.0,3306.0,1667828,2193394,3336.0
2024-08-07,3305.0,3335.0,3296.0,3304.0,1100349,2143920,3313.0
2024-08-08,3306.0,3323.0,3252.0,3254.0,1445446,2173101,3286.0
2024-08-09,3260.0,3324.0,3255.0,3277.0,1693946,2055995,3286.0
2024-08-12,3277.0,3283.0,3206.0,3222.0,1438807,2065003,3236.0
2024-08-13,3222.0,3242.0,3159.0,3173.0,1574793,2045327,3201.0
2024-08-14,3171.0,3176.0,3056.0,3099.0,2362203,1979867,3124.0
2024-08-15,3110.0,3132.0,3069.0,3119.0,2317969,1899971,3100.0
2024-08-16,3123.0,3139.0,3075.0,3078.0,1798969,1872313,3112.0
2024-08-19,3067.0,3159.0,3042.0,3156.0,2725344,1877748,3112.0
2024-08-20,3156.0,3182.0,3134.0,3172.0,1725095,1785676,3156.0
2024-08-21,3189.0,3238.0,3172.0,3235.0,1604042,1725000,3196.0
2024-08-22,3226.0,3233.0,3168.0,3174.0,1630522,1675980,3204.0
2024-08-23,3175.0,3195.0,3153.0,3154.0,1425129,1602633,3180.0
2024-08-26,3161.0,3267.0,3144.0,3264.0,2099759,1565422,3213.0
2024-08-27,3259.0,3289.0,3239.0,3249.0,1529148,1456440,3257.0
2024-08-28,3250.0,3278.0,3248.0,3264.0,1130501,1379700,3262.0
2024-08-29,3260.0,3285.0,3235.0,3259.0,1199625,1312944,3261.0
2024-08-30,3252.0,3274.0,3206.0,3222.0,1270467,1204066,3243.0
2024-09-02,3229.0,3240.0,3160.0,3178.0,938832,1081726,3201.0
2024-09-03,3223.0,3238.0,3142.0,3149.0,1716879,1571584,3196.0
2024-09-04,3140.0,3159.0,3087.0,3109.0,2601602,1645158,3127.0
2024-09-05,3110.0,3141.0,3073.0,3083.0,2202508,1677290,3108.0
2024-09-06,3101.0,3124.0,3014.0,3051.0,2823651,1718737,3067.0
2024-09-09,3060.0,3094.0,2988.0,3078.0,3007110,1800082,3032.0
2024-09-10,3084.0,3116.0,3058.0,3080.0,2637623,1853061,3087.0
2024-09-11,3080.0,3138.0,3038.0,3137.0,3139653,1880988,3089.0
2024-09-12,3139.0,3194.0,3126.0,3185.0,2928057,1855493,3158.0
2024-09-13,3187.0,3219.0,3170.0,3190.0,2518063,1802789,3196.0
2024-09-18,3185.0,3231.0,3123.0,3150.0,2600922,1871684,3170.0
2024-09-19,3157.0,3211.0,3128.0,3206.0,3207683,1977224,3174.0
2024-09-20,3210.0,3237.0,3141.0,3165.0,3311177,1981675,3194.0
2024-09-23,3163.0,3167.0,3084.0,3087.0,3220101,2029260,3117.0
2024-09-24,3090.0,3220.0,3088.0,3217.0,4491637,1967551,3151.0
2024-09-25,3220.0,3288.0,3216.0,3226.0,3495803,1893300,0.0
2024-09-26,3223.0,3297.0,3211.0,3281.0,3295786,1871665,3257.0
2024-09-27,3305.0,3349.0,3295.0,3341.0,3114689,1695879,3319.0
2024-09-30,3341.0,3551.0,3323.0,3551.0,2758421,1622533,3471.0
2024-10-08,3680.0,3780.0,3434.0,3486.0,4220399,1540192,3584.0
2024-10-09,3500.0,3545.0,3450.0,3466.0,3644952,1622329,3500.0
2024-10-10,3450.0,3511.0,3412.0,3442.0,3806663,1703227,3460.0
2024-10-11,3442.0,3484.0,3421.0,3468.0,3198181,1752308,3455.0
2024-10-14,3472.0,3534.0,3436.0,3502.0,4049131,1740930,3492.0
2024-10-15,3499.0,3512.0,3461.0,3467.0,3584093,1781904,3487.0
2024-10-16,3470.0,3502.0,3444.0,3447.0,3479402,1859837,3474.0
2024-10-17,3450.0,3486.0,3300.0,3300.0,4903326,1898833,3399.0
2024-10-18,3311.0,3384.0,3284.0,3336.0,3902945,1804647,3322.0
2024-10-21,3350.0,3376.0,3335.0,3358.0,2416552,1778378,3354.0
2024-10-22,3358.0,3367.0,3300.0,3349.0,2735345,1751263,3332.0
2024-10-23,3342.0,3362.0,3308.0,3316.0,2479153,1807359,3334.0
2024-10-24,3307.0,3340.0,3290.0,3330.0,2641100,1802225,3312.0
2024-10-25,3332.0,3389.0,3329.0,3376.0,2617330,1728168,3362.0
2024-10-28,3380.0,3479.0,3372.0,3451.0,2997381,1778152,3437.0
2024-10-29,3450.0,3460.0,3411.0,3422.0,1928067,1762598,3434.0
2024-10-30,3451.0,3469.0,3403.0,3442.0,2252191,1732080,3439.0
2024-10-31,3445.0,3451.0,3417.0,3427.0,2057799,1726251,3434.0
2024-11-01,3425.0,3434.0,3370.0,3393.0,2381801,1706790,3400.0
2024-11-04,3403.0,3483.0,3344.0,3425.0,3213882,1701525,3389.0
2024-11-05,3425.0,3458.0,3405.0,3433.0,2032842,1701597,3430.0
2024-11-06,3445.0,3446.0,3354.0,3392.0,3356124,1677084,3401.0
2024-11-07,3380.0,3438.0,3362.0,3436.0,2361478,1674191,3399.0
2024-11-08,3443.0,3465.0,3356.0,3367.0,3624024,1777628,3411.0
2024-11-11,3348.0,3388.0,3307.0,3331.0,2744850,1832000,3342.0
2024-11-12,3333.0,3353.0,3308.0,3344.0,2032597,1817779,3328.0
2024-11-13,3344.0,3367.0,3323.0,3337.0,1899234,1761405,3344.0
2024-11-14,3345.0,3350.0,3304.0,3313.0,1803371,1804836,3326.0
2024-11-15,3304.0,3321.0,3231.0,3232.0,2617529,1803336,3277.0
2024-11-18,3243.0,3295.0,3226.0,3279.0,2342838,1766798,3262.0
2024-11-19,3285.0,3330.0,3254.0,3322.0,2389998,1684167,3291.0
2024-11-20,3315.0,3328.0,3304.0,3319.0,1434021,1605126,3315.0
2024-11-21,3319.0,3345.0,3311.0,3332.0,1737723,1536631,3327.0
2024-11-22,3338.0,3343.0,3269.0,3277.0,1794055,1516855,3304.0
2024-11-25,3277.0,3344.0,3277.0,3297.0,2286942,1418515,3307.0
2024-11-26,3300.0,3329.0,3294.0,3303.0,1540708,1363289,3310.0
2024-11-27,3305.0,3316.0,3274.0,3309.0,1572486,1299347,3298.0
2024-11-28,3311.0,3319.0,3284.0,3312.0,1695442,1233968,3302.0
2024-11-29,3309.0,3354.0,3305.0,3318.0,1785535,1116348,3327.0
2024-12-02,3318.0,3349.0,3298.0,3333.0,1414638,1010274,3325.0
2024-12-03,3333.0,3356.0,3330.0,3352.0,907857,980392,3342.0
2024-12-04,3352.0,3352.0,3300.0,3339.0,1196446,863028,3327.0
2024-12-05,3333.0,3342.0,3268.0,3280.0,1044677,820431,3305.0
2024-12-06,3340.0,3350.0,3308.0,3311.0,1524215,1334694,3329.0
2024-12-09,3305.0,3347.0,3288.0,3330.0,1721667,1360586,3319.0
2024-12-10,3390.0,3457.0,3385.0,3402.0,3030547,1333488,3418.0
2024-12-11,3402.0,3423.0,3395.0,3413.0,1233061,1366184,3408.0
2024-12-12,3413.0,3436.0,3402.0,3428.0,1334907,1434411,3419.0
2024-12-13,3406.0,3411.0,3351.0,3360.0,2022355,1446384,3377.0
2024-12-16,3360.0,3379.0,3340.0,3362.0,1337573,1427400,3355.0
2024-12-17,3369.0,3377.0,3352.0,3364.0,1096666,1420263,3364.0
2024-12-18,3360.0,3364.0,3305.0,3312.0,1557154,1590081,3337.0
2024-12-19,3312.0,3323.0,3258.0,3287.0,2101553,1696609,3288.0
2024-12-20,3288.0,3293.0,3273.0,3279.0,1000578,1691042,3283.0
2024-12-23,3283.0,3308.0,3256.0,3290.0,1582804,1678153,3284.0
2024-12-24,3290.0,3316.0,3275.0,3314.0,1306122,1664902,3293.0
2024-12-25,3308.0,3315.0,3293.0,3300.0,1008991,1660415,3304.0
2024-12-26,3299.0,3329.0,3289.0,3305.0,1424785,1578827,3310.0
2024-12-27,3307.0,3310.0,3261.0,3268.0,1467866,1679845,3284.0
2024-12-30,3265.0,3320.0,3262.0,3317.0,1632026,1607825,3296.0
2024-12-31,3326.0,3327.0,3302.0,3309.0,1115370,1561545,3312.0
2025-01-02,3305.0,3335.0,3284.0,3306.0,1373928,1551112,3311.0
2025-01-03,3305.0,3309.0,3260.0,3272.0,1560003,1675464,3280.0
2025-01-06,3264.0,3287.0,3251.0,3252.0,1614675,1746201,3266.0
2025-01-07,3269.0,3278.0,3232.0,3239.0,1312041,1772105,3248.0
2025-01-08,3239.0,3250.0,3204.0,3211.0,1273140,1842567,3226.0
2025-01-09,3207.0,3218.0,3184.0,3205.0,1503533,1842442,3201.0
2025-01-10,3206.0,3216.0,3189.0,3202.0,1107492,1839478,3203.0
2025-01-13,3213.0,3255.0,3208.0,3249.0,1647938,1762313,3235.0
2025-01-14,3249.0,3293.0,3240.0,3283.0,1311180,1742948,3268.0
2025-01-15,3285.0,3303.0,3270.0,3290.0,1168495,1717577,3287.0
2025-01-16,3290.0,3332.0,3284.0,3327.0,1462774,1755226,3308.0
2025-01-17,3330.0,3378.0,3316.0,3372.0,1588746,1809583,3346.0
2025-01-20,3371.0,3391.0,3340.0,3354.0,1687191,1761893,3363.0
2025-01-21,3356.0,3385.0,3344.0,3354.0,1411296,1749180,3363.0
2025-01-22,3350.0,3354.0,3320.0,3337.0,1227104,1693073,3333.0
2025-01-23,3346.0,3375.0,3337.0,3352.0,1336839,1704493,3356.0
2025-01-24,3342.0,3383.0,3329.0,3377.0,1312473,1683783,3353.0
2025-01-27,3371.0,3388.0,3353.0,3382.0,839664,1627909,3371.0
2025-02-05,3395.0,3398.0,3307.0,3320.0,1169030,1711847,3337.0
2025-02-06,3320.0,3362.0,3317.0,3357.0,1198192,1773454,3340.0
2025-02-07,3355.0,3377.0,3345.0,3352.0,1254092,1828012,3361.0
2025-02-10,3355.0,3374.0,3312.0,3331.0,1851664,1856963,3340.0
2025-02-11,3339.0,3339.0,3269.0,3275.0,1803197,1947395,3302.0
2025-02-12,3275.0,3297.0,3261.0,3292.0,1274350,1895628,3280.0
2025-02-13,3292.0,3299.0,3255.0,3265.0,1297857,1889839,3277.0
2025-02-14,3260.0,3288.0,3252.0,3262.0,1124905,1885541,3268.0
2025-02-17,3259.0,3301.0,3247.0,3290.0,1400224,1902224,3269.0
2025-02-18,3289.0,3320.0,3276.0,3313.0,1316289,1880432,3299.0
2025-02-19,3318.0,3329.0,3308.0,3315.0,911004,1860033,3317.0
2025-02-20,3311.0,3364.0,3305.0,3358.0,1572547,1924251,3331.0
2025-02-21,3358.0,3377.0,3356.0,3361.0,1237733,1937278,3366.0
2025-02-24,3340.0,3355.0,3321.0,3340.0,1370969,1892131,3338.0
2025-02-25,3338.0,3343.0,3268.0,3273.0,1783574,1927913,3298.0
2025-02-26,3273.0,3346.0,3269.0,3339.0,2666374,1936010,3313.0
2025-02-27,3340.0,3352.0,3295.0,3329.0,2344249,1908752,3325.0
2025-02-28,3332.0,3337.0,3301.0,3328.0,1588693,1891741,3318.0
2025-03-03,3320.0,3340.0,3292.0,3296.0,2038460,1904595,3319.0
2025-03-04,3298.0,3309.0,3260.0,3282.0,1805693,1966385,3282.0
2025-03-05,3279.0,3288.0,3252.0,3259.0,1789010,2047118,3268.0
2025-03-06,3260.0,3299.0,3254.0,3282.0,1991285,2039890,3274.0
2025-03-07,3278.0,3285.0,3245.0,3252.0,1987064,2118487,3264.0
2025-03-10,3240.0,3266.0,3215.0,3220.0,2009350,2216822,3236.0
2025-03-11,3220.0,3225.0,3186.0,3209.0,1646378,2206070,3207.0
2025-03-12,3218.0,3230.0,3202.0,3226.0,1584434,2200520,3217.0
2025-03-13,3230.0,3258.0,3228.0,3256.0,1928609,2056012,3242.0
2025-03-14,3258.0,3274.0,3241.0,3267.0,1274495,1963117,3257.0
2025-03-17,3268.0,3272.0,3210.0,3217.0,1608068,2048428,3234.0
2025-03-18,3215.0,3217.0,3186.0,3191.0,1498533,2164560,3200.0
2025-03-19,3195.0,3197.0,3155.0,3162.0,1578951,2173948,3169.0
2025-03-20,3162.0,3176.0,3134.0,3176.0,1727171,2137880,3157.0
2025-03-21,3172.0,3178.0,3151.0,3156.0,1355676,2077127,3165.0
2025-03-24,3159.0,3210.0,3136.0,3204.0,1894792,1930427,3179.0
2025-03-25,3204.0,3225.0,3185.0,3220.0,1676454,1794958,3207.0
2025-03-26,3220.0,3229.0,3202.0,3209.0,1162419,1712091,3214.0
2025-03-27,3205.0,3223.0,3188.0,3208.0,1477747,1607725,3206.0
2025-03-28,3210.0,3210.0,3181.0,3197.0,1417092,1553391,3192.0
2025-03-31,3197.0,3201.0,3153.0,3159.0,1285597,1403648,3173.0
2025-04-01,3159.0,3188.0,3131.0,3170.0,1317976,1272676,3156.0
2025-04-02,3170.0,3181.0,3151.0,3166.0,724030,1210865,3170.0
2025-04-03,3243.0,3264.0,3214.0,3231.0,890157,1325145,3235.0
2025-04-07,3155.0,3170.0,3113.0,3146.0,1419975,1425776,3139.0
2025-04-08,3158.0,3171.0,3093.0,3101.0,1790923,1640009,3131.0
2025-04-09,3102.0,3115.0,3033.0,3088.0,2234794,1687170,3077.0
2025-04-10,3075.0,3155.0,3066.0,3139.0,1929556,1686421,3123.0
2025-04-11,3145.0,3146.0,3104.0,3131.0,1505491,1665377,3126.0
2025-04-14,3130.0,3145.0,3118.0,3126.0,1066833,1705840,3131.0
2025-04-15,3127.0,3140.0,3112.0,3125.0,1128992,1708811,3126.0
2025-04-16,3122.0,3133.0,3088.0,3093.0,1202994,1838220,3106.0
2025-04-17,3096.0,3118.0,3086.0,3092.0,1414470,1859673,3101.0
2025-04-18,3091.0,3100.0,3073.0,3076.0,1332522,1926742,3088.0
2025-04-21,3080.0,3119.0,3070.0,3113.0,1277622,1953540,3098.0
2025-04-22,3118.0,3123.0,3065.0,3075.0,1344693,2012421,3092.0
2025-04-23,3080.0,3146.0,3073.0,3137.0,1965374,1968021,3109.0
2025-04-24,3138.0,3139.0,3095.0,3106.0,1456883,1980197,3116.0
2025-04-25,3114.0,3130.0,3096.0,3101.0,1679713,1986742,3110.0
2025-04-28,3106.0,3164.0,3102.0,3129.0,3309555,2032935,3138.0
2025-04-29,3129.0,3131.0,3092.0,3100.0,1627530,2017637,3109.0
2025-04-30,3100.0,3104.0,3085.0,3096.0,1034654,1911939,3096.0
2025-05-06,3120.0,3130.0,3071.0,3077.0,1325224,2004472,3092.0
2025-05-07,3090.0,3136.0,3080.0,3098.0,2279629,1974322,3106.0
2025-05-08,3101.0,3102.0,3047.0,3052.0,2053864,2234779,3072.0
2025-05-09,3052.0,3053.0,3016.0,3022.0,1655962,2344318,3036.0
2025-05-12,3023.0,3086.0,3014.0,3082.0,2373248,2180460,3052.0
2025-05-13,3105.0,3115.0,3066.0,3079.0,1930069,2151176,3089.0
2025-05-14,3084.0,3133.0,3067.0,3127.0,2134942,2111525,3106.0
2025-05-15,3126.0,3130.0,3111.0,3118.0,1151080,2088127,3118.0
2025-05-16,3119.0,3119.0,3080.0,3082.0,1485885,2073027,3100.0
2025-05-19,3078.0,3095.0,3061.0,3069.0,1291096,2113045,3076.0
2025-05-20,3065.0,3080.0,3050.0,3058.0,1285345,2160329,3063.0
2025-05-21,3062.0,3074.0,3053.0,3061.0,1023277,2169396,3062.0
2025-05-22,3062.0,3076.0,3043.0,3061.0,1461626,2174638,3059.0
2025-05-23,3060.0,3069.0,3044.0,3046.0,1208627,2158221,3055.0
2025-05-26,3040.0,3045.0,2996.0,3004.0,1829729,2349145,3017.0
2025-05-27,3010.0,3018.0,2964.0,2980.0,1935754,2399979,2987.0
2025-05-28,2981.0,2982.0,2950.0,2964.0,1333951,2441388,2964.0
2025-05-29,2960.0,2990.0,2954.0,2978.0,1945056,2377320,2971.0
2025-05-30,2978.0,2978.0,2946.0,2961.0,1549422,2296076,2963.0
2025-06-03,2948.0,2948.0,2912.0,2928.0,1553663,2297854,2928.0
2025-06-04,2930.0,2988.0,2925.0,2974.0,2066104,2280389,2955.0
2025-06-05,2974.0,2979.0,2935.0,2959.0,1486968,2257011,2958.0
2025-06-06,2969.0,3002.0,2963.0,2975.0,1845348,2216449,2982.0
2025-06-09,2975.0,2990.0,2962.0,2981.0,1433362,2196722,2976.0
2025-06-10,2983.0,2988.0,2957.0,2974.0,1456363,2165234,2971.0
2025-06-11,2974.0,3008.0,2974.0,2991.0,1514855,2164232,2989.0
2025-06-12,2994.0,2994.0,2963.0,2968.0,1312653,2220025,2975.0
2025-06-13,2970.0,2985.0,2940.0,2969.0,2168544,2135660,2961.0
2025-06-16,2961.0,2994.0,2951.0,2990.0,1537422,2164732,2976.0
2025-06-17,2986.0,2994.0,2972.0,2981.0,1046237,2140997,2982.0
2025-06-18,2979.0,2996.0,2969.0,2986.0,1326973,2133943,2982.0
2025-06-19,2986.0,3002.0,2975.0,2986.0,1180235,2132733,2985.0
2025-06-20,2990.0,3010.0,2982.0,2992.0,1414281,2164155,2994.0
2025-06-23,2991.0,3006.0,2983.0,2995.0,976619,2157949,2993.0
2025-06-24,2992.0,3005.0,2975.0,2977.0,1530297,2168877,2986.0
2025-06-25,2976.0,2980.0,2960.0,2976.0,1361264,2172600,2970.0
2025-06-26,2976.0,2977.0,2952.0,2973.0,1377892,2191778,2966.0
2025-06-27,2975.0,3005.0,2971.0,2995.0,1500826,2142812,2990.0
2025-06-30,2998.0,3027.0,2994.0,2997.0,1768212,2124170,3009.0
2025-07-01,2993.0,3004.0,2977.0,3003.0,1372384,2076067,2987.0
2025-07-02,3003.0,3071.0,3003.0,3065.0,2371284,2226379,3032.0
2025-07-03,3075.0,3086.0,3050.0,3076.0,1776150,2237249,3065.0
2025-07-04,3073.0,3095.0,3070.0,3072.0,1644200,2238583,3082.0
2025-07-07,3070.0,3085.0,3053.0,3061.0,1226302,2197330,3067.0
2025-07-08,3059.0,3074.0,3050.0,3063.0,954572,2168547,3061.0
2025-07-09,3061.0,3077.0,3054.0,3063.0,1026448,2174940,3065.0
2025-07-10,3060.0,3130.0,3060.0,3123.0,2153427,2230034,3099.0
2025-07-11,3116.0,3149.0,3116.0,3133.0,1654545,2200525,3133.0
2025-07-14,3133.0,3143.0,3122.0,3138.0,1164609,2122341,3131.0
2025-07-15,3131.0,3138.0,3102.0,3114.0,1439493,2153850,3121.0
2025-07-16,3115.0,3122.0,3094.0,3106.0,1130791,2137057,3108.0
2025-07-17,3105.0,3135.0,3105.0,3133.0,1501721,2126876,3124.0
2025-07-18,3135.0,3177.0,3135.0,3147.0,1874850,2075786,3156.0
2025-07-21,3159.0,3240.0,3156.0,3224.0,2695588,2095915,3207.0
2025-07-22,3224.0,3335.0,3215.0,3307.0,3266737,2024488,3264.0
2025-07-23,3320.0,3330.0,3245.0,3274.0,2847237,1922699,3283.0
2025-07-24,3277.0,3330.0,3249.0,3294.0,2533253,1906350,3280.0
2025-07-25,3318.0,3358.0,3288.0,3356.0,2877992,1998654,3316.0
2025-07-28,3352.0,3352.0,3230.0,3248.0,3414713,1935881,3282.0
2025-07-29,3259.0,3349.0,3248.0,3347.0,2711612,2175237,3301.0
2025-07-30,3350.0,3384.0,3291.0,3315.0,3510866,2029132,3345.0
2025-07-31,3301.0,3301.0,3186.0,3205.0,2730966,1816026,3243.0
2025-08-01,3210.0,3235.0,3192.0,3203.0,1929148,1760700,3213.0
2025-08-04,3206.0,3216.0,3164.0,3204.0,1634527,1742635,3189.0
2025-08-05,3209.0,3247.0,3188.0,3233.0,1580653,1708832,3210.0
2025-08-06,3233.0,3246.0,3212.0,3234.0,1202766,1652567,3230.0
2025-08-07,3234.0,3262.0,3214.0,3231.0,1648650,1628167,3236.0
2025-08-08,3235.0,3235.0,3204.0,3213.0,1040873,1612110,3215.0
2025-08-11,3210.0,3255.0,3191.0,3250.0,1411239,1612625,3227.0
2025-08-12,3250.0,3269.0,3235.0,3258.0,1141545,1605387,3252.0
2025-08-13,3260.0,3274.0,3221.0,3222.0,1236428,1652593,3248.0
2025-08-14,3206.0,3225.0,3174.0,3189.0,1283713,1636544,3201.0
2025-08-15,3189.0,3200.0,3167.0,3188.0,1119004,1617947,3183.0
2025-08-18,3190.0,3203.0,3142.0,3155.0,1316477,1609893,3173.0
2025-08-19,3161.0,3170.0,3122.0,3126.0,1121610,1608686,3144.0
2025-08-20,3130.0,3141.0,3104.0,3132.0,1317374,1523392,3122.0
2025-08-21,3139.0,3145.0,3115.0,3121.0,1125179,1458107,3130.0
2025-08-22,3108.0,3127.0,3106.0,3119.0,801266,1411511,3116.0
2025-08-25,3121.0,3165.0,3121.0,3138.0,1200313,1347830,3144.0
2025-08-26,3142.0,3143.0,3111.0,3113.0,770094,1308206,3126.0
2025-08-27,3110.0,3128.0,3097.0,3111.0,1006734,1234764,3112.0
2025-08-28,3100.0,3136.0,3098.0,3129.0,947402,1148166,3116.0
2025-08-29,3205.0,3210.0,3152.0,3160.0,922905,1429783,3175.0
2025-09-01,3150.0,3161.0,3094.0,3115.0,1342816,1633714,3122.0
2025-09-02,3115.0,3135.0,3101.0,3117.0,869767,1675244,3116.0
2025-09-03,3120.0,3146.0,3099.0,3106.0,1169148,1754813,3119.0
2025-09-04,3107.0,3132.0,3088.0,3117.0,1231326,1736432,3110.0
2025-09-05,3117.0,3153.0,3100.0,3143.0,1385167,1737894,3126.0
2025-09-08,3146.0,3151.0,3106.0,3132.0,1257953,1798654,3123.0
2025-09-09,3138.0,3152.0,3115.0,3123.0,1329359,1778829,3132.0
2025-09-10,3115.0,3126.0,3092.0,3109.0,1264549,1867674,3108.0
2025-09-11,3110.0,3119.0,3082.0,3092.0,1542810,2000701,3101.0
2025-09-12,3092.0,3137.0,3075.0,3127.0,2108701,1912183,3107.0
2025-09-15,3127.0,3144.0,3110.0,3136.0,1471013,1978070,3127.0
2025-09-16,3150.0,3180.0,3144.0,3166.0,1965356,1956248,3166.0
2025-09-17,3168.0,3170.0,3141.0,3168.0,1242094,1963371,3155.0
2025-09-18,3166.0,3176.0,3123.0,3147.0,1727718,1999684,3149.0
2025-09-19,3144.0,3175.0,3141.0,3172.0,1250591,1970510,3158.0
2025-09-22,3172.0,3202.0,3171.0,3185.0,1652529,1861141,3187.0
2025-09-23,3182.0,3182.0,3146.0,3155.0,1290376,1881411,3163.0
2025-09-24,3156.0,3179.0,3140.0,3164.0,1205152,1882224,3157.0
2025-09-25,3168.0,3175.0,3152.0,3167.0,883015,1870448,3164.0
2025-09-26,3165.0,3171.0,3113.0,3114.0,1388756,1976545,3139.0
2025-09-29,3115.0,3117.0,3097.0,3097.0,1145688,1926639,3107.0
2025-09-30,3106.0,3111.0,3068.0,3072.0,959828,1873832,3090.0
2025-10-09,3088.0,3100.0,3073.0,3096.0,823683,1908129,3087.0
2025-10-10,3110.0,3124.0,3093.0,3103.0,1039362,1926152,3107.0
2025-10-13,3107.0,3114.0,3066.0,3083.0,1231858,1952748,3086.0
2025-10-14,3090.0,3093.0,3039.0,3061.0,1158107,1991462,3060.0
2025-10-15,3061.0,3063.0,3027.0,3034.0,1018136,2051544,3044.0
2025-10-16,3036.0,3054.0,3021.0,3049.0,1036367,2039387,3036.0
2025-10-17,3053.0,3061.0,3032.0,3037.0,854671,2004317,3046.0
2025-10-20,3040.0,3076.0,3040.0,3045.0,1232489,2005926,3058.0
2025-10-21,3045.0,3065.0,3036.0,3047.0,894273,1995833,3050.0
2025-10-22,3048.0,3068.0,3045.0,3068.0,822731,1977511,3058.0
2025-10-23,3072.0,3083.0,3059.0,3071.0,930071,1969325,3069.0
2025-10-24,3072.0,3076.0,3038.0,3046.0,1081693,2050545,3053.0
2025-10-27,3050.0,3100.0,3048.0,3100.0,1696201,1953000,3076.0
2025-10-28,3100.0,3119.0,3087.0,3091.0,1333406,1930357,3102.0
2025-10-29,3094.0,3135.0,3092.0,3133.0,1239602,1894006,3118.0
2025-10-30,3137.0,3143.0,3096.0,3106.0,1440978,1894916,3121.0
2025-10-31,3106.0,3126.0,3097.0,3106.0,985855,1879450,3109.0
2025-11-03,3105.0,3108.0,3076.0,3079.0,1150575,1919017,3088.0
2025-11-04,3083.0,3084.0,3040.0,3044.0,1016464,1966541,3061.0
2025-11-05,3046.0,3046.0,3009.0,3024.0,1149565,2031781,3025.0
2025-11-06,3026.0,3042.0,3017.0,3037.0,884740,2020352,3028.0
2025-11-07,3038.0,3045.0,3025.0,3034.0,800946,1960886,3036.0
2025-11-10,3037.0,3050.0,3022.0,3044.0,1049513,1923733,3035.0
2025-11-11,3040.0,3046.0,3020.0,3025.0,753110,1923701,3034.0
2025-11-12,3025.0,3049.0,3022.0,3038.0,775671,1868036,3039.0
2025-11-13,3040.0,3054.0,3026.0,3046.0,885545,1857342,3040.0
2025-11-14,3048.0,3057.0,3034.0,3053.0,769087,1837133,3047.0
2025-11-17,3047.0,3104.0,3040.0,3097.0,1329220,1729747,3076.0
2025-11-18,3100.0,3100.0,3075.0,3090.0,801889,1655469,3085.0
2025-11-19,3084.0,3096.0,3065.0,3070.0,912064,1631123,3081.0
2025-11-20,3065.0,3075.0,3040.0,3050.0,1151053,1573323,3055.0
2025-11-21,3057.0,3072.0,3050.0,3057.0,778544,1513411,3060.0
2025-11-24,3057.0,3117.0,3050.0,3089.0,1264959,1432705,3084.0
2025-11-25,3089.0,3113.0,3086.0,3106.0,929458,1301037,3101.0
2025-11-26,3106.0,3107.0,3085.0,3099.0,753169,1200700,3097.0
2025-11-27,3099.0,3099.0,3077.0,3093.0,753252,1069617,3088.0
2025-11-28,3093.0,3113.0,3084.0,3110.0,680865,972277,3098.0
2025-12-01,3111.0,3142.0,3100.0,3134.0,801820,882576,3122.0
2025-12-02,3167.0,3182.0,3159.0,3169.0,581458,1175559,3169.0
2025-12-03,3167.0,3174.0,3154.0,3169.0,750667,1297106,3164.0
2025-12-04,3171.0,3175.0,3150.0,3175.0,873461,1411905,3161.0
2025-12-05,3178.0,3181.0,3155.0,3157.0,680567,1474541,3164.0
2025-12-08,3157.0,3157.0,3110.0,3123.0,1256787,1477577,3128.0
2025-12-09,3117.0,3124.0,3066.0,3079.0,1324333,1593746,3087.0
2025-12-10,3082.0,3140.0,3077.0,3117.0,1519252,1514218,3110.0
2025-12-11,3117.0,3118.0,3061.0,3069.0,1360006,1602075,3087.0
2025-12-12,3077.0,3082.0,3057.0,3060.0,974336,1607057,3070.0
2025-12-15,3040.0,3086.0,3031.0,3074.0,1232643,1627666,3064.0
2025-12-16,3075.0,3095.0,3065.0,3081.0,778715,1615142,3081.0
2025-12-17,3081.0,3093.0,3071.0,3084.0,593611,1604729,3082.0
2025-12-18,3083.0,3134.0,3081.0,3125.0,1215549,1575943,3119.0
2025-12-19,3125.0,3125.0,3103.0,3119.0,686113,1568866,3114.0
2025-12-22,3119.0,3138.0,3104.0,3126.0,842412,1591974,3122.0
2025-12-23,3128.0,3149.0,3118.0,3128.0,849315,1580041,3134.0
2025-12-24,3130.0,3144.0,3111.0,3136.0,837866,1597429,3126.0
2025-12-25,3141.0,3144.0,3123.0,3127.0,502388,1581839,3131.0
2025-12-26,3132.0,3132.0,3090.0,3118.0,1132633,1534424,3108.0
2025-12-29,3118.0,3150.0,3116.0,3130.0,1051146,1530792,3137.0
2025-12-30,3130.0,3148.0,3128.0,3134.0,635547,1560806,3137.0
2025-12-31,3138.0,3142.0,3114.0,3122.0,651840,1505284,3127.0